parameters,sensitivity
ADJ_T,0.33223847
ADJDE,0.01555344
EFG_D,-0.21185927
TOR,0.11563807
DRB,0.11359023
FTRD,-0.03232874
2P_D,-0.00592496
3P_D,-0.69714445
WAB2,0.95091635
